Nation,Time,Confirmed Case,Death,Recover,timestamp
MALAYSIA,2020-04-03 14:30:10,3116.0,50.0,767.0,8260210
MALAYSIA,2020-04-03 14:30:11,3116.0,50.0,767.0,8260211
MALAYSIA,2020-04-03 17:30:12,3333.0,53.0,827.0,8271012
MALAYSIA,2020-04-03 20:30:12,3333.0,53.0,827.0,8281812
MALAYSIA,2020-04-03 23:30:19,3333.0,53.0,827.0,8292619
MALAYSIA,2020-04-04 08:30:14,3333.0,53.0,827.0,8325014
MALAYSIA,2020-04-04 11:30:14,3333.0,53.0,827.0,8335814
MALAYSIA,2020-04-04 14:30:16,3333.0,53.0,827.0,8346616
MALAYSIA,2020-04-04 17:30:18,3483.0,57.0,915.0,8357418
MALAYSIA,2020-04-04 20:30:33,3483.0,57.0,915.0,8368233
MALAYSIA,2020-04-04 23:30:05,3483.0,57.0,915.0,8379005
MALAYSIA,2020-04-05 08:30:07,3483.0,57.0,915.0,8411407
MALAYSIA,2020-04-05 11:30:03,3483.0,57.0,915.0,8422203
MALAYSIA,2020-04-05 14:30:04,3483.0,57.0,915.0,8433004
MALAYSIA,2020-04-05 17:40:33,3662.0,61.0,1005.0,8444433
MALAYSIA,2020-04-05 20:33:28,3662.0,61.0,1005.0,8454808
MALAYSIA,2020-04-05 23:30:02,3662.0,61.0,1005.0,8465402
MALAYSIA,2020-04-06 08:37:49,3662.0,61.0,1005.0,8498269
MALAYSIA,2020-04-06 11:30:05,3662.0,61.0,1005.0,8508605
MALAYSIA,2020-04-06 14:44:21,3662.0,61.0,1005.0,8520261
MALAYSIA,2020-04-06 17:30:04,3793.0,62.0,1241.0,8530204
MALAYSIA,2020-04-06 21:00:44,3793.0,62.0,1241.0,8542844
MALAYSIA,2020-04-07 00:00:03,3793.0,62.0,1241.0,8553603
MALAYSIA,2020-04-07 09:00:04,3793.0,62.0,1241.0,8586004
MALAYSIA,2020-04-07 12:15:51,3793.0,62.0,1241.0,8597751
MALAYSIA,2020-04-07 15:59:55,3963.0,63.0,1321.0,8611195
MALAYSIA,2020-04-07 18:03:46,3963.0,63.0,1321.0,8618626
MALAYSIA,2020-04-07 21:32:15,3963.0,63.0,1321.0,8631135
MALAYSIA,2020-04-08 00:00:04,3963.0,63.0,1321.0,8640004
MALAYSIA,2020-04-08 09:00:46,3963.0,63.0,1321.0,8672446
MALAYSIA,2020-04-08 12:21:18,3963.0,63.0,1321.0,8684478
MALAYSIA,2020-04-08 15:04:46,4119.0,65.0,1487.0,8694286
MALAYSIA,2020-04-08 18:11:16,4119.0,65.0,1487.0,8705476
MALAYSIA,2020-04-08 21:33:56,4119.0,65.0,1487.0,8717636
MALAYSIA,2020-04-09 00:14:12,4119.0,65.0,1487.0,8727252
MALAYSIA,2020-04-09 11:19:24,4119.0,65.0,1487.0,8767164
MALAYSIA,2020-04-09 12:07:24,4119.0,65.0,1487.0,8770044
MALAYSIA,2020-04-09 14:57:09,4228.0,67.0,1608.0,8780229
MALAYSIA,2020-04-09 18:00:02,4228.0,67.0,1608.0,8791202
MALAYSIA,2020-04-10 01:06:14,4228.0,67.0,1608.0,8816774
MALAYSIA,2020-04-10 09:04:46,4228.0,67.0,1608.0,8845486
MALAYSIA,2020-04-10 12:09:17,4228.0,67.0,1608.0,8856557
MALAYSIA,2020-04-10 14:55:51,4228.0,67.0,1608.0,8866551
MALAYSIA,2020-04-10 18:41:05,4346.0,70.0,1830.0,8880065
MALAYSIA,2020-04-10 21:59:17,4346.0,70.0,1830.0,8891957
MALAYSIA,2020-04-11 00:00:34,4346.0,70.0,1830.0,8899234
MALAYSIA,2020-04-11 09:01:32,4346.0,70.0,1830.0,8931692
MALAYSIA,2020-04-11 12:08:24,4346.0,70.0,1830.0,8942904
MALAYSIA,2020-04-11 17:00:40,4530.0,73.0,1995.0,8960440
MALAYSIA,2020-04-11 18:12:28,4530.0,73.0,1995.0,8964748
MALAYSIA,2020-04-11 21:44:19,4530.0,73.0,1995.0,8977459
MALAYSIA,2020-04-11 23:59:29,4530.0,73.0,1995.0,8985569
MALAYSIA,2020-04-12 09:00:42,4530.0,73.0,1995.0,9018042
MALAYSIA,2020-04-12 12:05:42,4530.0,73.0,1995.0,9029142
MALAYSIA,2020-04-12 15:09:25,4683.0,76.0,2108.0,9040165
MALAYSIA,2020-04-12 18:22:01,4683.0,76.0,2108.0,9051721
MALAYSIA,2020-04-12 20:59:25,4683.0,76.0,2108.0,9061165
MALAYSIA,2020-04-13 00:07:13,4683.0,76.0,2108.0,9072433
MALAYSIA,2020-04-13 09:26:16,4683.0,76.0,2108.0,9105976
MALAYSIA,2020-04-13 11:59:14,4683.0,76.0,2108.0,9115154
MALAYSIA,2020-04-13 15:13:01,4683.0,77.0,2276.0,9126781
MALAYSIA,2020-04-13 20:23:47,4817.0,77.0,2276.0,9145427
MALAYSIA,2020-04-13 21:01:27,4817.0,77.0,2276.0,9147687
MALAYSIA,2020-04-14 00:30:40,4817.0,77.0,2276.0,9160240
MALAYSIA,2020-04-14 09:09:09,4817.0,77.0,2276.0,9191349
MALAYSIA,2020-04-14 12:13:23,4817.0,77.0,2276.0,9202403
MALAYSIA,2020-04-14 15:49:28,4987.0,82.0,2478.0,9215368
MALAYSIA,2020-04-14 18:27:14,4987.0,82.0,2478.0,9224834
MALAYSIA,2020-04-14 21:18:50,4987.0,82.0,2478.0,9235130
MALAYSIA,2020-04-15 00:07:14,4987.0,82.0,2478.0,9245234
MALAYSIA,2020-04-15 09:00:09,4987.0,82.0,2478.0,9277209
MALAYSIA,2020-04-15 14:56:18,4987.0,82.0,2478.0,9298578
MALAYSIA,2020-04-15 19:52:38,5072.0,83.0,2647.0,9316358
MALAYSIA,2020-04-15 21:18:33,5072.0,83.0,2647.0,9321513
MALAYSIA,2020-04-16 00:51:15,5072.0,83.0,2647.0,9334275
MALAYSIA,2020-04-16 09:04:51,5072.0,83.0,2647.0,9363891
MALAYSIA,2020-04-16 12:05:08,5072.0,83.0,2647.0,9374708
MALAYSIA,2020-04-16 14:57:08,5072.0,83.0,2647.0,9385028
MALAYSIA,2020-04-16 17:58:25,5182.0,84.0,2766.0,9395905
MALAYSIA,2020-04-16 22:41:20,5182.0,84.0,2766.0,9412880
MALAYSIA,2020-04-17 01:32:36,5182.0,84.0,2766.0,9423156
MALAYSIA,2020-04-17 09:11:04,5182.0,84.0,2766.0,9450664
MALAYSIA,2020-04-17 12:02:01,5182.0,84.0,2766.0,9460921
MALAYSIA,2020-04-17 14:56:35,5182.0,84.0,2766.0,9471395
MALAYSIA,2020-04-17 18:39:21,5251.0,86.0,2967.0,9484761
MALAYSIA,2020-04-17 22:45:21,5251.0,86.0,2967.0,9499521
MALAYSIA,2020-04-18 08:54:14,5251.0,86.0,2967.0,9536054
MALAYSIA,2020-04-18 13:55:54,5251.0,86.0,2967.0,9554154
MALAYSIA,2020-04-18 15:41:06,5305.0,88.0,3102.0,9560466
MALAYSIA,2020-04-18 18:03:48,5305.0,88.0,3102.0,9569028
MALAYSIA,2020-04-19 00:17:39,5305.0,88.0,3102.0,9591459
MALAYSIA,2020-04-19 09:10:08,5305.0,88.0,3102.0,9623408
MALAYSIA,2020-04-19 15:11:32,5389.0,89.0,3197.0,9645092
MALAYSIA,2020-04-19 18:07:21,5389.0,89.0,3197.0,9655641
MALAYSIA,2020-04-19 21:01:51,5389.0,89.0,3197.0,9666111
MALAYSIA,2020-04-20 00:00:38,5389.0,89.0,3197.0,9676838
MALAYSIA,2020-04-20 12:46:45,5389.0,89.0,3197.0,9722805
MALAYSIA,2020-04-20 15:15:13,5425.0,89.0,3295.0,9731713
MALAYSIA,2020-04-20 18:00:55,5425.0,89.0,3295.0,9741655
MALAYSIA,2020-04-20 20:51:26,5425.0,89.0,3295.0,9751886
MALAYSIA,2020-04-20 23:57:35,5425.0,89.0,3295.0,9763055
MALAYSIA,2020-04-21 12:05:06,5425.0,89.0,3295.0,9806706
MALAYSIA,2020-04-21 18:05:54,5482.0,92.0,3349.0,9828354
MALAYSIA,2020-04-21 20:56:52,5482.0,92.0,3349.0,9838612
MALAYSIA,2020-04-22 10:13:50,5482.0,92.0,3349.0,9886430
MALAYSIA,2020-04-22 12:01:15,5482.0,92.0,3349.0,9892875
MALAYSIA,2020-04-22 15:04:35,5532.0,93.0,3452.0,9903875
MALAYSIA,2020-04-23 00:41:34,5532.0,93.0,3452.0,9938494
MALAYSIA,2020-04-23 11:00:28,5532.0,93.0,3452.0,9975628
MALAYSIA,2020-04-23 18:09:30,5603.0,95.0,3542.0,10001370
MALAYSIA,2020-04-23 21:15:10,5603.0,95.0,3542.0,10012510
MALAYSIA,2020-04-24 12:38:27,5603.0,95.0,3542.0,10067907
MALAYSIA,2020-04-24 15:07:01,5691.0,96.0,3663.0,10076821
MALAYSIA,2020-04-24 18:05:08,5691.0,96.0,3663.0,10087508
MALAYSIA,2020-04-25 01:24:20,5691.0,96.0,3663.0,10113860
MALAYSIA,2020-04-25 10:29:29,5691.0,96.0,3663.0,10146569
MALAYSIA,2020-04-25 13:06:30,5691.0,96.0,3663.0,10155990
MALAYSIA,2020-04-25 15:13:19,5742.0,98.0,3762.0,10163599
MALAYSIA,2020-04-25 18:05:53,5742.0,98.0,3762.0,10173953
MALAYSIA,2020-04-26 00:02:26,5742.0,98.0,3762.0,10195346
MALAYSIA,2020-04-26 10:30:36,5742.0,98.0,3762.0,10233036
MALAYSIA,2020-04-26 14:00:20,5742.0,98.0,3762.0,10245620
MALAYSIA,2020-04-26 15:00:26,5780.0,98.0,3862.0,10249226
MALAYSIA,2020-04-26 18:04:29,5780.0,98.0,3862.0,10260269
MALAYSIA,2020-04-26 20:55:24,5780.0,98.0,3862.0,10270524
MALAYSIA,2020-04-27 01:26:23,5780.0,98.0,3862.0,10286783
MALAYSIA,2020-04-27 12:02:22,5780.0,98.0,3862.0,10324942
MALAYSIA,2020-04-27 18:28:29,5820.0,99.0,3957.0,10348109
MALAYSIA,2020-04-27 23:10:06,5820.0,99.0,3957.0,10365006
MALAYSIA,2020-04-28 00:52:18,5820.0,99.0,3957.0,10371138
MALAYSIA,2020-04-28 12:28:54,5820.0,99.0,3957.0,10412934
MALAYSIA,2020-04-29 00:05:46,5851.0,100.0,4032.0,10454746
MALAYSIA,2020-04-29 11:12:43,5851.0,100.0,4032.0,10494763
MALAYSIA,2020-04-29 13:02:52,5851.0,100.0,4032.0,10501372
MALAYSIA,2020-04-29 15:08:24,5945.0,100.0,4087.0,10508904
MALAYSIA,2020-04-29 18:09:12,5945.0,100.0,4087.0,10519752
MALAYSIA,2020-04-29 21:32:47,5945.0,100.0,4087.0,10531967
MALAYSIA,2020-04-30 00:17:29,5945.0,100.0,4087.0,10541849
MALAYSIA,2020-04-30 09:21:28,5945.0,100.0,4087.0,10574488
MALAYSIA,2020-04-30 12:29:51,5945.0,100.0,4087.0,10585791
MALAYSIA,2020-04-30 15:13:47,6002.0,102.0,4171.0,10595627
MALAYSIA,2020-05-01 00:05:16,6002.0,102.0,4171.0,10713916
MALAYSIA,2020-05-01 10:41:27,6002.0,102.0,4171.0,10752087
MALAYSIA,2020-05-01 11:53:59,6002.0,102.0,4171.0,10756439
MALAYSIA,2020-05-01 15:33:11,6071.0,103.0,4210.0,10769591
MALAYSIA,2020-05-01 17:55:59,6071.0,103.0,4210.0,10778159
MALAYSIA,2020-05-01 21:26:40,6071.0,103.0,4210.0,10790800
MALAYSIA,2020-05-02 00:11:13,6071.0,103.0,4210.0,10800673
MALAYSIA,2020-05-02 09:45:39,6071.0,103.0,4210.0,10835139
MALAYSIA,2020-05-02 12:46:52,6071.0,103.0,4210.0,10846012
MALAYSIA,2020-05-02 15:00:02,6176.0,103.0,4326.0,10854002
MALAYSIA,2020-05-02 18:00:30,6176.0,103.0,4326.0,10864830
MALAYSIA,2020-05-03 00:04:29,6176.0,103.0,4326.0,10886669
MALAYSIA,2020-05-03 11:56:15,6176.0,103.0,4326.0,10929375
MALAYSIA,2020-05-03 15:05:11,6298.0,105.0,4413.0,10940711
MALAYSIA,2020-05-03 17:57:14,6298.0,105.0,4413.0,10951034
MALAYSIA,2020-05-03 21:09:20,6298.0,105.0,4413.0,10962560
MALAYSIA,2020-05-03 23:58:14,6298.0,105.0,4413.0,10972694
MALAYSIA,2020-05-04 15:08:30,6353.0,105.0,4484.0,11027310
MALAYSIA,2020-05-04 18:37:54,6353.0,105.0,4484.0,11039874
MALAYSIA,2020-05-04 23:58:07,6353.0,105.0,4484.0,11059087
MALAYSIA,2020-05-05 01:13:37,6353.0,105.0,4484.0,11063617
MALAYSIA,2020-05-05 13:08:43,6353.0,105.0,4484.0,11106523
MALAYSIA,2020-05-05 15:01:21,6383.0,106.0,4567.0,11113281
MALAYSIA,2020-05-05 21:05:55,6383.0,106.0,4567.0,11135155
MALAYSIA,2020-05-06 00:00:44,6383.0,106.0,4567.0,11145644
MALAYSIA,2020-05-06 12:01:14,6383.0,106.0,4567.0,11188874
MALAYSIA,2020-05-06 18:00:04,6428.0,107.0,4702.0,11210404
MALAYSIA,2020-05-07 00:14:11,6428.0,107.0,4702.0,11232851
MALAYSIA,2020-05-07 11:57:25,6428.0,107.0,4702.0,11275045
MALAYSIA,2020-05-07 15:00:03,6467.0,107.0,4776.0,11286003
MALAYSIA,2020-05-07 18:26:51,6467.0,107.0,4776.0,11298411
MALAYSIA,2020-05-07 23:58:31,6467.0,107.0,4776.0,11318311
MALAYSIA,2020-05-08 12:02:06,6467.0,107.0,4776.0,11361726
MALAYSIA,2020-05-08 15:12:55,6535.0,107.0,4864.0,11373175
MALAYSIA,2020-05-08 18:26:19,6535.0,107.0,4864.0,11384779
MALAYSIA,2020-05-08 21:29:34,6535.0,107.0,4864.0,11395774
MALAYSIA,2020-05-09 00:43:24,6535.0,107.0,4864.0,11407404
MALAYSIA,2020-05-09 13:13:55,6535.0,107.0,4864.0,11452435
MALAYSIA,2020-05-09 15:22:29,6589.0,108.0,4929.0,11460149
MALAYSIA,2020-05-09 18:00:02,6589.0,108.0,4929.0,11469602
MALAYSIA,2020-05-10 00:44:24,6589.0,108.0,4929.0,11493864
MALAYSIA,2020-05-10 12:00:15,6589.0,108.0,4929.0,11534415
MALAYSIA,2020-05-10 15:09:02,6656.0,108.0,5025.0,11545742
MALAYSIA,2020-05-10 22:50:52,6656.0,108.0,5025.0,11573452
MALAYSIA,2020-05-10 23:59:01,6656.0,108.0,5025.0,11577541
MALAYSIA,2020-05-11 10:34:59,6656.0,108.0,5025.0,11615699
MALAYSIA,2020-05-11 14:55:28,6726.0,109.0,5113.0,11631328
MALAYSIA,2020-05-11 19:31:25,6726.0,109.0,5113.0,11647885
MALAYSIA,2020-05-11 21:00:14,6726.0,109.0,5113.0,11653214
MALAYSIA,2020-05-12 01:00:51,6726.0,109.0,5113.0,11667651
MALAYSIA,2020-05-12 10:08:26,6726.0,109.0,5113.0,11700506
MALAYSIA,2020-05-12 12:02:54,6726.0,109.0,5113.0,11707374
MALAYSIA,2020-05-12 15:00:02,6742.0,109.0,5223.0,11718002
MALAYSIA,2020-05-12 17:58:36,6742.0,109.0,5223.0,11728716
MALAYSIA,2020-05-12 21:01:11,6742.0,109.0,5223.0,11739671
MALAYSIA,2020-05-12 23:56:29,6742.0,109.0,5223.0,11750189
MALAYSIA,2020-05-13 10:34:40,6742.0,109.0,5223.0,11788480
MALAYSIA,2020-05-13 12:00:02,6742.0,109.0,5223.0,11793602
MALAYSIA,2020-05-13 16:27:08,6779.0,111.0,5281.0,11809628
MALAYSIA,2020-05-13 21:00:25,6779.0,111.0,5281.0,11826025
MALAYSIA,2020-05-14 00:30:12,6779.0,111.0,5281.0,11838612
MALAYSIA,2020-05-14 12:01:47,6779.0,111.0,5281.0,11880107
MALAYSIA,2020-05-14 15:54:36,6819.0,112.0,5351.0,11894076
MALAYSIA,2020-05-14 19:05:05,6819.0,112.0,5351.0,11905505
MALAYSIA,2020-05-14 20:56:04,6819.0,112.0,5351.0,11912164
MALAYSIA,2020-05-15 01:21:38,6819.0,112.0,5351.0,11928098
MALAYSIA,2020-05-15 12:16:09,6819.0,112.0,5351.0,11967369
MALAYSIA,2020-05-15 15:26:20,6855.0,112.0,5439.0,11978780
MALAYSIA,2020-05-15 17:53:43,6855.0,112.0,5439.0,11987623
MALAYSIA,2020-05-15 21:00:16,6855.0,112.0,5439.0,11998816
MALAYSIA,2020-05-15 23:56:42,6855.0,112.0,5439.0,12009402
MALAYSIA,2020-05-16 12:26:00,6855.0,112.0,5439.0,12054360
MALAYSIA,2020-05-16 17:05:26,6872.0,113.0,5512.0,12071126
MALAYSIA,2020-05-16 18:40:21,6872.0,113.0,5512.0,12076821
MALAYSIA,2020-05-16 23:58:26,6872.0,113.0,5512.0,12095906
MALAYSIA,2020-05-17 12:00:02,6872.0,113.0,5512.0,12139202
MALAYSIA,2020-05-17 14:58:45,6894.0,113.0,5571.0,12149925
MALAYSIA,2020-05-17 18:48:59,6894.0,113.0,5571.0,12163739
MALAYSIA,2020-05-17 21:23:35,6894.0,113.0,5571.0,12173015
MALAYSIA,2020-05-18 00:05:04,6894.0,113.0,5571.0,12182704
MALAYSIA,2020-05-18 12:02:55,6894.0,113.0,5571.0,12225775
MALAYSIA,2020-05-18 15:32:44,6941.0,113.0,5615.0,12238364
MALAYSIA,2020-05-18 18:17:04,6941.0,113.0,5615.0,12248224
MALAYSIA,2020-05-18 21:14:07,6941.0,113.0,5615.0,12258847
MALAYSIA,2020-05-18 23:56:07,6941.0,113.0,5615.0,12268567
MALAYSIA,2020-05-19 11:30:38,6941.0,113.0,5615.0,12310238
MALAYSIA,2020-05-19 16:31:59,6978.0,114.0,5646.0,12328319
MALAYSIA,2020-05-19 19:06:49,6978.0,114.0,5646.0,12337609
MALAYSIA,2020-05-19 21:27:31,6978.0,114.0,5646.0,12346051
MALAYSIA,2020-05-19 23:57:27,6978.0,114.0,5646.0,12355047
MALAYSIA,2020-05-20 12:03:00,6978.0,114.0,5646.0,12398580
MALAYSIA,2020-05-20 14:57:38,7009.0,114.0,5706.0,12409058
MALAYSIA,2020-05-20 17:44:53,7009.0,114.0,5706.0,12419093
MALAYSIA,2020-05-20 21:15:28,7009.0,114.0,5706.0,12431728
MALAYSIA,2020-05-21 00:14:36,7009.0,114.0,5706.0,12442476
MALAYSIA,2020-05-21 09:38:15,7009.0,114.0,5706.0,12476295
MALAYSIA,2020-05-21 12:11:17,7009.0,114.0,5706.0,12485477
MALAYSIA,2020-05-21 14:59:56,7059.0,114.0,5796.0,12495596
MALAYSIA,2020-05-21 21:24:22,7059.0,114.0,5796.0,12518662
MALAYSIA,2020-05-22 00:00:02,7059.0,114.0,5796.0,12528002
MALAYSIA,2020-05-22 10:37:17,7059.0,114.0,5796.0,12566237
MALAYSIA,2020-05-22 12:36:18,7059.0,114.0,5796.0,12573378
MALAYSIA,2020-05-22 16:06:00,7137.0,115.0,5859.0,12585960
MALAYSIA,2020-05-22 18:00:02,7137.0,115.0,5859.0,12592802
MALAYSIA,2020-05-22 21:00:09,7137.0,115.0,5859.0,12603609
MALAYSIA,2020-05-23 01:20:34,7137.0,115.0,5859.0,12619234
MALAYSIA,2020-05-23 12:07:16,7137.0,115.0,5859.0,12658036
MALAYSIA,2020-05-23 18:09:53,7185.0,115.0,5912.0,12679793
MALAYSIA,2020-05-23 22:02:48,7185.0,115.0,5912.0,12693768
MALAYSIA,2020-05-24 00:00:02,7185.0,115.0,5912.0,12700802
MALAYSIA,2020-05-24 12:54:52,7185.0,115.0,5912.0,12747292
MALAYSIA,2020-05-24 16:07:25,7245.0,115.0,5945.0,12758845
MALAYSIA,2020-05-24 18:12:44,7245.0,115.0,5945.0,12766364
MALAYSIA,2020-05-24 22:29:08,7245.0,115.0,5945.0,12781748
MALAYSIA,2020-05-25 01:32:08,7245.0,115.0,5945.0,12792728
MALAYSIA,2020-05-25 09:46:16,7245.0,115.0,5945.0,12822376
MALAYSIA,2020-05-25 12:12:38,7245.0,115.0,5945.0,12831158
MALAYSIA,2020-05-25 15:12:03,7417.0,115.0,5979.0,12841923
MALAYSIA,2020-05-25 18:41:27,7417.0,115.0,5979.0,12854487
MALAYSIA,2020-05-25 21:51:14,7417.0,115.0,5979.0,12865874
MALAYSIA,2020-05-26 01:53:29,7417.0,115.0,5979.0,12880409
MALAYSIA,2020-05-26 12:00:25,7417.0,115.0,5979.0,12916825
MALAYSIA,2020-05-26 16:13:04,7604.0,115.0,6041.0,12931984
MALAYSIA,2020-05-26 18:02:31,7604.0,115.0,6041.0,12938551
MALAYSIA,2020-05-26 20:52:11,7604.0,115.0,6041.0,12948731
MALAYSIA,2020-05-27 00:00:03,7604.0,115.0,6041.0,12960003
MALAYSIA,2020-05-27 12:10:26,7604.0,115.0,6041.0,13003826
MALAYSIA,2020-05-27 15:19:50,7619.0,115.0,6083.0,13015190
MALAYSIA,2020-05-27 18:03:01,7619.0,115.0,6083.0,13024981
MALAYSIA,2020-05-27 21:01:30,7619.0,115.0,6083.0,13035690
MALAYSIA,2020-05-28 00:11:23,7619.0,115.0,6083.0,13047083
MALAYSIA,2020-05-28 12:23:58,7619.0,115.0,6083.0,13091038
MALAYSIA,2020-05-28 15:04:04,7629.0,115.0,6169.0,13100644
MALAYSIA,2020-05-28 18:07:10,7629.0,115.0,6169.0,13111630
MALAYSIA,2020-05-28 21:31:41,7629.0,115.0,6169.0,13123901
MALAYSIA,2020-05-29 00:02:56,7629.0,115.0,6169.0,13132976
MALAYSIA,2020-05-29 12:00:02,7629.0,115.0,6169.0,13176002
MALAYSIA,2020-05-29 16:46:05,7732.0,115.0,6235.0,13193165
MALAYSIA,2020-05-29 18:02:28,7732.0,115.0,6235.0,13197748
MALAYSIA,2020-05-30 00:23:37,7732.0,115.0,6235.0,13220617
MALAYSIA,2020-05-30 12:00:30,7732.0,115.0,6235.0,13262430
MALAYSIA,2020-05-30 14:57:57,7762.0,115.0,6330.0,13273077
MALAYSIA,2020-05-30 18:01:15,7762.0,115.0,6330.0,13284075
MALAYSIA,2020-05-30 21:15:16,7762.0,115.0,6330.0,13295716
MALAYSIA,2020-05-31 00:03:50,7762.0,115.0,6330.0,13305830
MALAYSIA,2020-05-31 12:36:25,7762.0,115.0,6330.0,13350985
MALAYSIA,2020-05-31 18:05:35,7819.0,115.0,6353.0,13370735
MALAYSIA,2020-05-31 21:20:54,7819.0,115.0,6353.0,13382454
MALAYSIA,2020-06-01 00:28:04,7819.0,115.0,6353.0,13393684
MALAYSIA,2020-06-01 12:03:29,7819.0,115.0,6353.0,13435409
MALAYSIA,2020-06-01 16:16:43,7857.0,115.0,6404.0,13450603
MALAYSIA,2020-06-01 18:23:34,7857.0,115.0,6404.0,13458214
MALAYSIA,2020-06-01 20:51:21,7857.0,115.0,6404.0,13467081
MALAYSIA,2020-06-02 00:00:03,7857.0,115.0,6404.0,13478403
MALAYSIA,2020-06-02 12:00:47,7857.0,115.0,6404.0,13521647
MALAYSIA,2020-06-02 15:02:31,7877.0,115.0,6470.0,13532551
MALAYSIA,2020-06-02 18:03:06,7877.0,115.0,6470.0,13543386
MALAYSIA,2020-06-02 21:04:58,7877.0,115.0,6470.0,13554298
MALAYSIA,2020-06-03 00:09:31,7877.0,115.0,6470.0,13565371
MALAYSIA,2020-06-03 12:06:19,7877.0,115.0,6470.0,13608379
MALAYSIA,2020-06-03 18:03:19,7970.0,115.0,6531.0,13629799
MALAYSIA,2020-06-03 21:00:07,7970.0,115.0,6531.0,13640407
MALAYSIA,2020-06-03 23:57:12,7970.0,115.0,6531.0,13651032
MALAYSIA,2020-06-04 12:06:55,7970.0,115.0,6531.0,13694815
MALAYSIA,2020-06-04 15:08:37,8247.0,115.0,6559.0,13705717
MALAYSIA,2020-06-04 18:03:06,8247.0,115.0,6559.0,13716186
MALAYSIA,2020-06-04 22:08:43,8247.0,115.0,6559.0,13730923
MALAYSIA,2020-06-05 00:03:48,8247.0,115.0,6559.0,13737828
MALAYSIA,2020-06-05 09:56:47,8247.0,115.0,6559.0,13773407
MALAYSIA,2020-06-05 12:05:36,8247.0,115.0,6559.0,13781136
MALAYSIA,2020-06-05 15:53:59,8266.0,116.0,6610.0,13794839
MALAYSIA,2020-06-05 18:09:10,8266.0,116.0,6610.0,13802950
MALAYSIA,2020-06-05 21:28:56,8266.0,116.0,6610.0,13814936
MALAYSIA,2020-06-06 00:16:06,8266.0,116.0,6610.0,13824966
MALAYSIA,2020-06-06 10:04:52,8266.0,116.0,6610.0,13860292
MALAYSIA,2020-06-06 13:35:43,8266.0,116.0,6610.0,13872943
MALAYSIA,2020-06-06 16:16:15,8303.0,117.0,6635.0,13882575
MALAYSIA,2020-06-06 18:01:57,8303.0,117.0,6635.0,13888917
MALAYSIA,2020-06-06 21:08:29,8303.0,117.0,6635.0,13900109
MALAYSIA,2020-06-07 00:01:41,8303.0,117.0,6635.0,13910501
MALAYSIA,2020-06-07 10:03:49,8303.0,117.0,6635.0,13946629
MALAYSIA,2020-06-07 14:28:55,8303.0,117.0,6635.0,13962535
MALAYSIA,2020-06-07 15:05:57,8303.0,117.0,6635.0,13964757
MALAYSIA,2020-06-07 17:54:02,8322.0,117.0,6674.0,13974842
MALAYSIA,2020-06-07 22:55:47,8322.0,117.0,6674.0,13992947
MALAYSIA,2020-06-08 00:26:53,8322.0,117.0,6674.0,13998413
MALAYSIA,2020-06-08 09:14:14,8322.0,117.0,6674.0,14030054
MALAYSIA,2020-06-08 11:55:57,8322.0,117.0,6674.0,14039757
MALAYSIA,2020-06-08 15:04:29,8329.0,117.0,6694.0,14051069
MALAYSIA,2020-06-08 18:23:45,8329.0,117.0,6694.0,14063025
MALAYSIA,2020-06-08 21:17:18,8329.0,117.0,6694.0,14073438
MALAYSIA,2020-06-09 00:00:04,8329.0,117.0,6694.0,14083204
MALAYSIA,2020-06-09 09:43:27,8329.0,117.0,6694.0,14118207
MALAYSIA,2020-06-09 12:10:53,8329.0,117.0,6694.0,14127053
MALAYSIA,2020-06-09 15:08:07,8329.0,117.0,6694.0,14137687
MALAYSIA,2020-06-09 17:53:30,8336.0,117.0,6975.0,14147610
MALAYSIA,2020-06-09 22:44:53,8336.0,117.0,6975.0,14165093
MALAYSIA,2020-06-10 00:12:10,8336.0,117.0,6975.0,14170330
MALAYSIA,2020-06-10 09:58:49,8336.0,117.0,6975.0,14205529
MALAYSIA,2020-06-10 12:17:29,8336.0,117.0,6975.0,14213849
MALAYSIA,2020-06-10 15:00:05,8338.0,118.0,7014.0,14223605
MALAYSIA,2020-06-10 19:15:37,8338.0,118.0,7014.0,14238937
MALAYSIA,2020-06-10 22:11:00,8338.0,118.0,7014.0,14249460
MALAYSIA,2020-06-11 00:38:25,8338.0,118.0,7014.0,14258305
MALAYSIA,2020-06-11 10:23:26,8338.0,118.0,7014.0,14293406
MALAYSIA,2020-06-11 12:03:36,8338.0,118.0,7014.0,14299416
MALAYSIA,2020-06-11 15:00:00,8369.0,118.0,7065.0,14310000
MALAYSIA,2020-06-11 18:06:54,8369.0,118.0,7065.0,14321214
MALAYSIA,2020-06-11 20:52:43,8369.0,118.0,7065.0,14331163
MALAYSIA,2020-06-12 00:00:01,8369.0,118.0,7065.0,14342401
MALAYSIA,2020-06-12 13:20:41,8369.0,118.0,7065.0,14390441
MALAYSIA,2020-06-12 14:58:14,8369.0,118.0,7065.0,14396294
MALAYSIA,2020-06-12 18:00:02,8402.0,119.0,7168.0,14407202
MALAYSIA,2020-06-12 23:02:21,8402.0,119.0,7168.0,14425341
MALAYSIA,2020-06-13 00:02:48,8402.0,119.0,7168.0,14428968
MALAYSIA,2020-06-13 09:18:18,8402.0,119.0,7168.0,14462298
MALAYSIA,2020-06-13 15:03:46,8445.0,120.0,7311.0,14483026
MALAYSIA,2020-06-13 17:59:00,8445.0,120.0,7311.0,14493540
MALAYSIA,2020-06-13 21:46:37,8445.0,120.0,7311.0,14507197
MALAYSIA,2020-06-14 00:25:57,8445.0,120.0,7311.0,14516757
MALAYSIA,2020-06-14 10:24:05,8445.0,120.0,7311.0,14552645
MALAYSIA,2020-06-14 12:00:29,8445.0,120.0,7311.0,14558429
MALAYSIA,2020-06-14 15:06:46,8445.0,120.0,7311.0,14569606
MALAYSIA,2020-06-14 18:27:38,8453.0,121.0,7346.0,14581658
MALAYSIA,2020-06-14 22:19:13,8453.0,121.0,7346.0,14595553
MALAYSIA,2020-06-15 00:00:01,8453.0,121.0,7346.0,14601601
MALAYSIA,2020-06-15 09:41:48,8453.0,121.0,7346.0,14636508
MALAYSIA,2020-06-15 13:15:06,8453.0,121.0,7346.0,14649306
MALAYSIA,2020-06-15 16:11:53,8494.0,121.0,7400.0,14659913
MALAYSIA,2020-06-15 18:00:01,8494.0,121.0,7400.0,14666401
MALAYSIA,2020-06-15 22:38:31,8494.0,121.0,7400.0,14683111
MALAYSIA,2020-06-16 00:13:42,8494.0,121.0,7400.0,14688822
MALAYSIA,2020-06-16 10:50:55,8494.0,121.0,7400.0,14727055
MALAYSIA,2020-06-16 13:18:50,8494.0,121.0,7400.0,14735930
MALAYSIA,2020-06-16 15:05:11,8505.0,121.0,7733.0,14742311
MALAYSIA,2020-06-16 18:00:00,8505.0,121.0,7733.0,14752800
MALAYSIA,2020-06-16 21:02:47,8505.0,121.0,7733.0,14763767
MALAYSIA,2020-06-17 00:05:49,8505.0,121.0,7733.0,14774749
MALAYSIA,2020-06-17 12:00:01,8505.0,121.0,7733.0,14817601
MALAYSIA,2020-06-17 15:04:55,8515.0,121.0,7873.0,14828695
MALAYSIA,2020-06-17 18:20:14,8515.0,121.0,7873.0,14840414
MALAYSIA,2020-06-17 21:38:30,8515.0,121.0,7873.0,14852310
MALAYSIA,2020-06-18 00:02:16,8515.0,121.0,7873.0,14860936
MALAYSIA,2020-06-18 10:40:51,8515.0,121.0,7873.0,14899251
MALAYSIA,2020-06-18 12:36:38,8515.0,121.0,7873.0,14906198
MALAYSIA,2020-06-18 15:00:02,8529.0,121.0,8000.0,14914802
MALAYSIA,2020-06-18 18:21:41,8529.0,121.0,8000.0,14926901
MALAYSIA,2020-06-18 21:00:01,8529.0,121.0,8000.0,14936401
MALAYSIA,2020-06-19 00:00:01,8529.0,121.0,8000.0,14947201
MALAYSIA,2020-06-19 10:29:59,8529.0,121.0,8000.0,14984999
MALAYSIA,2020-06-19 12:35:32,8529.0,121.0,8000.0,14992532
MALAYSIA,2020-06-19 15:39:13,8535.0,121.0,8070.0,15003553
MALAYSIA,2020-06-19 19:41:44,8535.0,121.0,8070.0,15018104
MALAYSIA,2020-06-19 21:00:01,8535.0,121.0,8070.0,15022801
MALAYSIA,2020-06-20 00:02:17,8535.0,121.0,8070.0,15033737
MALAYSIA,2020-06-20 12:01:18,8535.0,121.0,8070.0,15076878
MALAYSIA,2020-06-20 19:24:14,8556.0,121.0,8146.0,15103454
MALAYSIA,2020-06-20 21:53:13,8556.0,121.0,8146.0,15112393
MALAYSIA,2020-06-21 00:00:59,8556.0,121.0,8146.0,15120059
MALAYSIA,2020-06-21 12:47:22,8556.0,121.0,8146.0,15166042
MALAYSIA,2020-06-21 15:06:10,8572.0,121.0,8156.0,15174370
MALAYSIA,2020-06-21 21:20:09,8572.0,121.0,8156.0,15196809
MALAYSIA,2020-06-22 01:40:42,8572.0,121.0,8156.0,15212442
MALAYSIA,2020-06-22 09:36:08,8572.0,121.0,8156.0,15240968
MALAYSIA,2020-06-22 13:00:00,8572.0,121.0,8156.0,15253200
MALAYSIA,2020-06-22 15:04:30,8587.0,121.0,8177.0,15260670
MALAYSIA,2020-06-22 18:00:02,8587.0,121.0,8177.0,15271202
MALAYSIA,2020-06-22 21:28:09,8587.0,121.0,8177.0,15283689
MALAYSIA,2020-06-23 00:28:09,8587.0,121.0,8177.0,15294489
MALAYSIA,2020-06-23 09:24:18,8587.0,121.0,8177.0,15326658
MALAYSIA,2020-06-23 13:05:40,8587.0,121.0,8177.0,15339940
MALAYSIA,2020-06-23 15:13:46,8590.0,121.0,8186.0,15347626
MALAYSIA,2020-06-23 18:54:18,8590.0,121.0,8186.0,15360858
MALAYSIA,2020-06-23 21:32:43,8590.0,121.0,8186.0,15370363
MALAYSIA,2020-06-24 00:00:01,8590.0,121.0,8186.0,15379201
MALAYSIA,2020-06-24 09:46:50,8590.0,121.0,8186.0,15414410
MALAYSIA,2020-06-24 15:17:14,8596.0,121.0,8231.0,15434234
MALAYSIA,2020-06-24 18:00:18,8596.0,121.0,8231.0,15444018
MALAYSIA,2020-06-24 21:00:00,8596.0,121.0,8231.0,15454800
MALAYSIA,2020-06-25 01:36:44,8596.0,121.0,8231.0,15471404
MALAYSIA,2020-06-25 09:33:23,8596.0,121.0,8231.0,15500003
MALAYSIA,2020-06-25 12:00:00,8596.0,121.0,8231.0,15508800
MALAYSIA,2020-06-25 17:01:31,8600.0,121.0,8271.0,15526891
MALAYSIA,2020-06-25 18:04:48,8600.0,121.0,8271.0,15530688
MALAYSIA,2020-06-25 23:17:43,8600.0,121.0,8271.0,15549463
MALAYSIA,2020-06-26 00:03:06,8600.0,121.0,8271.0,15552186
MALAYSIA,2020-06-26 09:33:19,8600.0,121.0,8271.0,15586399
MALAYSIA,2020-06-26 13:19:37,8600.0,121.0,8271.0,15599977
MALAYSIA,2020-06-26 15:09:27,8606.0,121.0,8294.0,15606567
MALAYSIA,2020-06-26 18:19:22,8606.0,121.0,8294.0,15617962
MALAYSIA,2020-06-26 20:59:59,8606.0,121.0,8294.0,15627599
MALAYSIA,2020-06-27 00:07:37,8606.0,121.0,8294.0,15638857
MALAYSIA,2020-06-27 09:30:58,8606.0,121.0,8294.0,15672658
MALAYSIA,2020-06-27 12:10:55,8606.0,121.0,8294.0,15682255
MALAYSIA,2020-06-27 15:06:57,8616.0,121.0,8308.0,15692817
MALAYSIA,2020-06-27 21:00:00,8616.0,121.0,8308.0,15714000
MALAYSIA,2020-06-28 01:29:17,8616.0,121.0,8308.0,15730157
MALAYSIA,2020-06-28 09:15:53,8616.0,121.0,8308.0,15758153
MALAYSIA,2020-06-28 12:25:19,8616.0,121.0,8308.0,15769519
MALAYSIA,2020-06-28 16:10:03,8634.0,121.0,8318.0,15783003
MALAYSIA,2020-06-28 20:32:35,8634.0,121.0,8318.0,15798755
MALAYSIA,2020-06-29 00:17:57,8634.0,121.0,8318.0,15812277
MALAYSIA,2020-06-29 09:34:23,8634.0,121.0,8318.0,15845663
MALAYSIA,2020-06-29 12:07:31,8634.0,121.0,8318.0,15854851
MALAYSIA,2020-06-29 15:28:56,8637.0,121.0,8334.0,15866936
MALAYSIA,2020-06-29 18:50:49,8637.0,121.0,8334.0,15879049
MALAYSIA,2020-06-29 21:18:50,8637.0,121.0,8334.0,15887930
MALAYSIA,2020-06-30 00:00:59,8637.0,121.0,8334.0,15897659
MALAYSIA,2020-06-30 09:33:13,8637.0,121.0,8334.0,15931993
MALAYSIA,2020-06-30 12:00:23,8637.0,121.0,8334.0,15940823
MALAYSIA,2020-06-30 15:11:22,8639.0,121.0,8354.0,15952282
MALAYSIA,2020-06-30 18:01:33,8639.0,121.0,8354.0,15962493
MALAYSIA,2020-06-30 22:25:32,8639.0,121.0,8354.0,15978332
MALAYSIA,2020-07-01 00:28:32,8639.0,121.0,8354.0,16072112
MALAYSIA,2020-07-01 10:20:13,8639.0,121.0,8354.0,16107613
MALAYSIA,2020-07-01 12:04:05,8639.0,121.0,8354.0,16113845
MALAYSIA,2020-07-01 15:24:33,8640.0,121.0,8375.0,16125873
MALAYSIA,2020-07-01 18:00:02,8640.0,121.0,8375.0,16135202
MALAYSIA,2020-07-01 21:05:03,8640.0,121.0,8375.0,16146303
MALAYSIA,2020-07-02 00:00:16,8640.0,121.0,8375.0,16156816
MALAYSIA,2020-07-02 09:33:48,8640.0,121.0,8375.0,16191228
MALAYSIA,2020-07-02 15:04:09,8643.0,121.0,8437.0,16211049
MALAYSIA,2020-07-02 18:06:06,8643.0,121.0,8437.0,16221966
MALAYSIA,2020-07-03 00:10:20,8643.0,121.0,8437.0,16243820
MALAYSIA,2020-07-03 10:35:25,8643.0,121.0,8437.0,16281325
MALAYSIA,2020-07-03 15:22:17,8648.0,121.0,8446.0,16298537
MALAYSIA,2020-07-03 18:28:39,8648.0,121.0,8446.0,16309719
MALAYSIA,2020-07-03 21:25:38,8648.0,121.0,8446.0,16320338
MALAYSIA,2020-07-04 00:04:18,8648.0,121.0,8446.0,16329858
MALAYSIA,2020-07-04 09:37:22,8648.0,121.0,8446.0,16364242
MALAYSIA,2020-07-04 12:10:34,8648.0,121.0,8446.0,16373434
MALAYSIA,2020-07-04 16:06:00,8658.0,121.0,8461.0,16387560
MALAYSIA,2020-07-04 18:40:29,8658.0,121.0,8461.0,16396829
MALAYSIA,2020-07-04 22:29:59,8658.0,121.0,8461.0,16410599
MALAYSIA,2020-07-05 00:00:01,8658.0,121.0,8461.0,16416001
MALAYSIA,2020-07-05 09:49:21,8658.0,121.0,8461.0,16451361
MALAYSIA,2020-07-05 15:07:40,8663.0,121.0,8465.0,16470460
MALAYSIA,2020-07-05 18:34:37,8663.0,121.0,8465.0,16482877
MALAYSIA,2020-07-05 21:20:11,8663.0,121.0,8465.0,16492811
MALAYSIA,2020-07-06 00:03:29,8663.0,121.0,8465.0,16502609
MALAYSIA,2020-07-06 12:35:03,8663.0,121.0,8465.0,16547703
MALAYSIA,2020-07-06 15:03:08,8668.0,121.0,8476.0,16556588
MALAYSIA,2020-07-06 18:00:03,8668.0,121.0,8476.0,16567203
MALAYSIA,2020-07-07 00:13:16,8668.0,121.0,8476.0,16589596
MALAYSIA,2020-07-07 09:27:23,8668.0,121.0,8476.0,16622843
MALAYSIA,2020-07-07 12:55:40,8668.0,121.0,8476.0,16635340
MALAYSIA,2020-07-07 14:59:03,8674.0,121.0,8481.0,16642743
MALAYSIA,2020-07-07 19:44:13,8674.0,121.0,8481.0,16659853
MALAYSIA,2020-07-08 00:00:01,8674.0,121.0,8481.0,16675201
MALAYSIA,2020-07-08 10:21:56,8674.0,121.0,8481.0,16712516
MALAYSIA,2020-07-08 12:35:58,8674.0,121.0,8481.0,16720558
MALAYSIA,2020-07-08 15:00:01,8674.0,121.0,8481.0,16729201
MALAYSIA,2020-07-08 18:16:08,8677.0,121.0,8486.0,16740968
MALAYSIA,2020-07-08 22:08:33,8677.0,121.0,8486.0,16754913
MALAYSIA,2020-07-09 00:08:59,8677.0,121.0,8486.0,16762139
MALAYSIA,2020-07-09 10:00:20,8677.0,121.0,8486.0,16797620
MALAYSIA,2020-07-09 12:28:54,8677.0,121.0,8486.0,16806534
MALAYSIA,2020-07-09 15:00:00,8683.0,121.0,8499.0,16815600
MALAYSIA,2020-07-09 18:10:36,8683.0,121.0,8499.0,16827036
MALAYSIA,2020-07-10 00:22:52,8683.0,121.0,8499.0,16849372
MALAYSIA,2020-07-10 09:41:27,8683.0,121.0,8499.0,16882887
MALAYSIA,2020-07-10 12:48:22,8683.0,121.0,8499.0,16894102
MALAYSIA,2020-07-10 15:00:02,8696.0,121.0,8511.0,16902002
MALAYSIA,2020-07-10 18:28:32,8696.0,121.0,8511.0,16914512
MALAYSIA,2020-07-10 21:06:46,8696.0,121.0,8511.0,16924006
MALAYSIA,2020-07-11 00:00:00,8696.0,121.0,8511.0,16934400
MALAYSIA,2020-07-11 09:53:02,8696.0,121.0,8511.0,16969982
MALAYSIA,2020-07-11 13:55:29,8696.0,121.0,8511.0,16984529
MALAYSIA,2020-07-11 14:59:59,8704.0,122.0,8515.0,16988399
MALAYSIA,2020-07-11 18:00:58,8704.0,122.0,8515.0,16999258
MALAYSIA,2020-07-11 21:12:45,8704.0,122.0,8515.0,17010765
MALAYSIA,2020-07-12 00:55:05,8704.0,122.0,8515.0,17024105
MALAYSIA,2020-07-12 09:14:29,8704.0,122.0,8515.0,17054069
MALAYSIA,2020-07-12 13:22:59,8704.0,122.0,8515.0,17068979
MALAYSIA,2020-07-12 15:01:51,8718.0,122.0,8519.0,17074911
MALAYSIA,2020-07-12 17:59:59,8718.0,122.0,8519.0,17085599
MALAYSIA,2020-07-13 00:00:00,8718.0,122.0,8519.0,17107200
MALAYSIA,2020-07-13 09:21:26,8718.0,122.0,8519.0,17140886
MALAYSIA,2020-07-13 12:22:28,8718.0,122.0,8519.0,17151748
MALAYSIA,2020-07-13 15:28:59,8725.0,122.0,8520.0,17162939
MALAYSIA,2020-07-13 18:52:54,8725.0,122.0,8520.0,17175174
MALAYSIA,2020-07-13 21:00:41,8725.0,122.0,8520.0,17182841
MALAYSIA,2020-07-14 00:41:05,8725.0,122.0,8520.0,17196065
MALAYSIA,2020-07-14 09:30:41,8725.0,122.0,8520.0,17227841
MALAYSIA,2020-07-14 12:12:31,8725.0,122.0,8520.0,17237551
MALAYSIA,2020-07-14 15:13:56,8725.0,122.0,8520.0,17248436
MALAYSIA,2020-07-14 18:13:50,8729.0,122.0,8524.0,17259230
MALAYSIA,2020-07-14 21:19:54,8729.0,122.0,8524.0,17270394
MALAYSIA,2020-07-15 01:27:00,8729.0,122.0,8524.0,17285220
MALAYSIA,2020-07-15 15:01:08,8729.0,122.0,8524.0,17334068
MALAYSIA,2020-07-15 18:00:34,8734.0,122.0,8526.0,17344834
MALAYSIA,2020-07-15 22:36:51,8734.0,122.0,8526.0,17361411
MALAYSIA,2020-07-16 00:02:19,8734.0,122.0,8526.0,17366539
MALAYSIA,2020-07-16 09:27:15,8734.0,122.0,8526.0,17400435
MALAYSIA,2020-07-16 12:13:11,8734.0,122.0,8526.0,17410391
MALAYSIA,2020-07-16 15:12:41,8737.0,122.0,8538.0,17421161
MALAYSIA,2020-07-16 18:31:45,8737.0,122.0,8538.0,17433105
MALAYSIA,2020-07-16 21:00:20,8737.0,122.0,8538.0,17442020
MALAYSIA,2020-07-17 00:00:04,8737.0,122.0,8538.0,17452804
MALAYSIA,2020-07-17 09:14:08,8737.0,122.0,8538.0,17486048
MALAYSIA,2020-07-17 13:11:05,8737.0,122.0,8538.0,17500265
MALAYSIA,2020-07-17 18:39:48,8755.0,122.0,8541.0,17519988
MALAYSIA,2020-07-17 21:28:41,8755.0,122.0,8541.0,17530121
MALAYSIA,2020-07-18 00:33:56,8755.0,122.0,8541.0,17541236
MALAYSIA,2020-07-18 12:03:27,8755.0,122.0,8541.0,17582607
MALAYSIA,2020-07-18 16:14:45,8764.0,122.0,8546.0,17597685
MALAYSIA,2020-07-18 18:00:31,8764.0,122.0,8546.0,17604031
MALAYSIA,2020-07-18 21:54:37,8764.0,122.0,8546.0,17618077
MALAYSIA,2020-07-19 00:02:40,8764.0,122.0,8546.0,17625760
MALAYSIA,2020-07-19 09:21:24,8764.0,122.0,8546.0,17659284
MALAYSIA,2020-07-19 14:59:59,8779.0,123.0,8553.0,17679599
MALAYSIA,2020-07-19 18:32:07,8779.0,123.0,8553.0,17692327
MALAYSIA,2020-07-19 22:02:57,8779.0,123.0,8553.0,17704977
MALAYSIA,2020-07-20 00:54:25,8779.0,123.0,8553.0,17715265
MALAYSIA,2020-07-20 09:46:28,8779.0,123.0,8553.0,17747188
MALAYSIA,2020-07-20 12:50:02,8779.0,123.0,8553.0,17758202
MALAYSIA,2020-07-20 16:25:02,8800.0,123.0,8555.0,17771102
MALAYSIA,2020-07-20 18:03:23,8800.0,123.0,8555.0,17777003
MALAYSIA,2020-07-20 22:22:23,8800.0,123.0,8555.0,17792543
MALAYSIA,2020-07-21 00:06:02,8800.0,123.0,8555.0,17798762
MALAYSIA,2020-07-21 09:23:31,8800.0,123.0,8555.0,17832211
MALAYSIA,2020-07-21 15:03:18,8815.0,123.0,8562.0,17852598
MALAYSIA,2020-07-21 18:01:06,8815.0,123.0,8562.0,17863266
MALAYSIA,2020-07-21 21:22:15,8815.0,123.0,8562.0,17875335
MALAYSIA,2020-07-22 00:23:08,8815.0,123.0,8562.0,17886188
MALAYSIA,2020-07-22 09:11:34,8815.0,123.0,8562.0,17917894
MALAYSIA,2020-07-22 12:10:57,8815.0,123.0,8562.0,17928657
MALAYSIA,2020-07-22 18:14:24,8831.0,123.0,8566.0,17950464
MALAYSIA,2020-07-22 21:01:05,8831.0,123.0,8566.0,17960465
MALAYSIA,2020-07-23 00:49:16,8831.0,123.0,8566.0,17974156
MALAYSIA,2020-07-23 09:19:22,8831.0,123.0,8566.0,18004762
MALAYSIA,2020-07-23 12:03:17,8831.0,123.0,8566.0,18014597
MALAYSIA,2020-07-23 18:41:07,8840.0,123.0,8574.0,18038467
MALAYSIA,2020-07-23 21:43:09,8840.0,123.0,8574.0,18049389
MALAYSIA,2020-07-24 00:00:01,8840.0,123.0,8574.0,18057601
MALAYSIA,2020-07-24 09:34:41,8840.0,123.0,8574.0,18092081
MALAYSIA,2020-07-24 12:20:52,8840.0,123.0,8574.0,18102052
MALAYSIA,2020-07-24 15:00:02,8840.0,123.0,8574.0,18111602
MALAYSIA,2020-07-24 18:05:44,8861.0,123.0,8577.0,18122744
MALAYSIA,2020-07-24 21:56:38,8861.0,123.0,8577.0,18136598
MALAYSIA,2020-07-25 00:00:03,8861.0,123.0,8577.0,18144003
MALAYSIA,2020-07-25 09:53:19,8861.0,123.0,8577.0,18179599
MALAYSIA,2020-07-25 12:01:19,8861.0,123.0,8577.0,18187279
MALAYSIA,2020-07-25 15:03:54,8884.0,123.0,8594.0,18198234
MALAYSIA,2020-07-25 18:14:03,8884.0,123.0,8594.0,18209643
MALAYSIA,2020-07-25 21:14:14,8884.0,123.0,8594.0,18220454
MALAYSIA,2020-07-26 00:00:16,8884.0,123.0,8594.0,18230416
MALAYSIA,2020-07-26 09:39:05,8884.0,123.0,8594.0,18265145
MALAYSIA,2020-07-26 12:02:49,8884.0,123.0,8594.0,18273769
MALAYSIA,2020-07-26 15:51:23,8897.0,124.0,8600.0,18287483
MALAYSIA,2020-07-26 18:57:53,8897.0,124.0,8600.0,18298673
MALAYSIA,2020-07-27 00:00:18,8897.0,124.0,8600.0,18316818
MALAYSIA,2020-07-27 09:29:47,8897.0,124.0,8600.0,18350987
MALAYSIA,2020-07-27 12:26:11,8897.0,124.0,8600.0,18361571
MALAYSIA,2020-07-27 15:13:27,8904.0,124.0,8601.0,18371607
MALAYSIA,2020-07-27 18:10:59,8904.0,124.0,8601.0,18382259
MALAYSIA,2020-07-28 00:15:35,8904.0,124.0,8601.0,18404135
MALAYSIA,2020-07-28 09:22:49,8904.0,124.0,8601.0,18436969
MALAYSIA,2020-07-28 15:09:14,8943.0,124.0,8607.0,18457754
MALAYSIA,2020-07-28 18:11:01,8943.0,124.0,8607.0,18468661
MALAYSIA,2020-07-29 00:08:08,8943.0,124.0,8607.0,18490088
MALAYSIA,2020-07-29 09:31:00,8943.0,124.0,8607.0,18523860
MALAYSIA,2020-07-29 15:51:23,8956.0,124.0,8612.0,18546683
MALAYSIA,2020-07-30 00:00:49,8956.0,124.0,8612.0,18576049
MALAYSIA,2020-07-30 10:22:05,8956.0,124.0,8612.0,18613325
MALAYSIA,2020-07-30 12:01:00,8956.0,124.0,8612.0,18619260
MALAYSIA,2020-07-30 15:05:00,8964.0,124.0,8617.0,18630300
MALAYSIA,2020-07-30 18:03:15,8964.0,124.0,8617.0,18640995
MALAYSIA,2020-07-30 22:09:22,8964.0,124.0,8617.0,18655762
MALAYSIA,2020-07-31 00:39:33,8964.0,124.0,8617.0,18664773
MALAYSIA,2020-07-31 09:37:18,8964.0,124.0,8617.0,18697038
MALAYSIA,2020-07-31 15:23:07,8976.0,125.0,8644.0,18717787
MALAYSIA,2020-07-31 18:00:01,8976.0,125.0,8644.0,18727201
MALAYSIA,2020-07-31 22:29:34,8976.0,125.0,8644.0,18743374
MALAYSIA,2020-08-01 00:12:58,8976.0,125.0,8644.0,18749578
MALAYSIA,2020-08-01 09:34:41,8976.0,125.0,8644.0,18783281
MALAYSIA,2020-08-01 16:09:32,8985.0,125.0,8647.0,18806972
MALAYSIA,2020-08-01 22:06:09,8985.0,125.0,8647.0,18828369
MALAYSIA,2020-08-02 00:00:01,8985.0,125.0,8647.0,18835201
MALAYSIA,2020-08-02 09:13:15,8985.0,125.0,8647.0,18868395
MALAYSIA,2020-08-02 15:46:47,8999.0,125.0,8664.0,18892007
MALAYSIA,2020-08-02 19:19:33,8999.0,125.0,8664.0,18904773
MALAYSIA,2020-08-02 21:54:29,8999.0,125.0,8664.0,18914069
MALAYSIA,2020-08-03 00:03:24,8999.0,125.0,8664.0,18921804
MALAYSIA,2020-08-03 09:09:35,8999.0,125.0,8664.0,18954575
MALAYSIA,2020-08-03 12:03:58,8999.0,125.0,8664.0,18965038
MALAYSIA,2020-08-03 15:01:25,9001.0,125.0,8668.0,18975685
MALAYSIA,2020-08-03 19:06:38,9001.0,125.0,8668.0,18990398
MALAYSIA,2020-08-03 21:05:48,9001.0,125.0,8668.0,18997548
MALAYSIA,2020-08-04 00:00:01,9001.0,125.0,8668.0,19008001
MALAYSIA,2020-08-04 09:09:07,9001.0,125.0,8668.0,19040947
MALAYSIA,2020-08-04 16:10:57,9002.0,125.0,8684.0,19066257
MALAYSIA,2020-08-04 18:30:57,9002.0,125.0,8684.0,19074657
MALAYSIA,2020-08-05 00:25:33,9002.0,125.0,8684.0,19095933
MALAYSIA,2020-08-05 09:28:00,9002.0,125.0,8684.0,19128480
MALAYSIA,2020-08-05 15:05:28,9023.0,125.0,8702.0,19148728
MALAYSIA,2020-08-05 18:04:00,9023.0,125.0,8702.0,19159440
MALAYSIA,2020-08-05 22:25:00,9023.0,125.0,8702.0,19175100
MALAYSIA,2020-08-06 00:01:58,9023.0,125.0,8702.0,19180918
MALAYSIA,2020-08-06 09:18:49,9023.0,125.0,8702.0,19214329
MALAYSIA,2020-08-06 11:55:43,9023.0,125.0,8702.0,19223743
MALAYSIA,2020-08-06 14:55:45,9038.0,125.0,8713.0,19234545
MALAYSIA,2020-08-06 18:06:07,9038.0,125.0,8713.0,19245967
MALAYSIA,2020-08-06 21:03:22,9038.0,125.0,8713.0,19256602
MALAYSIA,2020-08-07 09:21:50,9038.0,125.0,8713.0,19300910
MALAYSIA,2020-08-07 12:02:25,9038.0,125.0,8713.0,19310545
MALAYSIA,2020-08-07 14:59:49,9038.0,125.0,8713.0,19321189
MALAYSIA,2020-08-07 18:06:36,9063.0,125.0,8728.0,19332396
MALAYSIA,2020-08-07 22:36:19,9063.0,125.0,8728.0,19348579
MALAYSIA,2020-08-08 00:24:02,9063.0,125.0,8728.0,19355042
MALAYSIA,2020-08-08 09:50:10,9063.0,125.0,8728.0,19389010
MALAYSIA,2020-08-08 11:58:01,9063.0,125.0,8728.0,19396681
MALAYSIA,2020-08-08 15:55:08,9070.0,125.0,8775.0,19410908
MALAYSIA,2020-08-08 18:42:31,9070.0,125.0,8775.0,19420951
MALAYSIA,2020-08-08 21:23:47,9070.0,125.0,8775.0,19430627
MALAYSIA,2020-08-09 00:10:37,9070.0,125.0,8775.0,19440637
MALAYSIA,2020-08-09 12:00:11,9070.0,125.0,8775.0,19483211
MALAYSIA,2020-08-09 15:07:48,9083.0,125.0,8784.0,19494468
MALAYSIA,2020-08-09 18:15:13,9083.0,125.0,8784.0,19505713
MALAYSIA,2020-08-09 21:31:49,9083.0,125.0,8784.0,19517509
MALAYSIA,2020-08-10 00:01:34,9083.0,125.0,8784.0,19526494
MALAYSIA,2020-08-10 12:01:14,9083.0,125.0,8784.0,19569674
MALAYSIA,2020-08-10 14:57:43,9094.0,125.0,8803.0,19580263
MALAYSIA,2020-08-10 18:38:41,9094.0,125.0,8803.0,19593521
MALAYSIA,2020-08-10 21:12:03,9094.0,125.0,8803.0,19602723
MALAYSIA,2020-08-11 00:12:11,9094.0,125.0,8803.0,19613531
MALAYSIA,2020-08-11 12:42:12,9094.0,125.0,8803.0,19658532
MALAYSIA,2020-08-11 15:08:00,9103.0,125.0,8809.0,19667280
MALAYSIA,2020-08-11 17:56:26,9103.0,125.0,8809.0,19677386
MALAYSIA,2020-08-11 21:29:46,9103.0,125.0,8809.0,19690186
MALAYSIA,2020-08-12 00:00:02,9103.0,125.0,8809.0,19699202
MALAYSIA,2020-08-12 10:54:23,9103.0,125.0,8809.0,19738463
MALAYSIA,2020-08-12 15:10:15,9114.0,125.0,8817.0,19753815
MALAYSIA,2020-08-12 18:11:55,9114.0,125.0,8817.0,19764715
MALAYSIA,2020-08-12 21:16:36,9114.0,125.0,8817.0,19775796
MALAYSIA,2020-08-12 23:59:19,9114.0,125.0,8817.0,19785559
MALAYSIA,2020-08-13 13:01:52,9114.0,125.0,8817.0,19832512
MALAYSIA,2020-08-13 15:09:28,9129.0,125.0,8821.0,19840168
MALAYSIA,2020-08-13 18:01:00,9129.0,125.0,8821.0,19850460
MALAYSIA,2020-08-14 00:00:03,9129.0,125.0,8821.0,19872003
MALAYSIA,2020-08-14 12:06:31,9129.0,125.0,8821.0,19915591
MALAYSIA,2020-08-14 16:57:17,9149.0,125.0,8828.0,19933037
MALAYSIA,2020-08-14 21:45:03,9149.0,125.0,8828.0,19950303
MALAYSIA,2020-08-15 10:34:24,9149.0,125.0,8828.0,19996464
MALAYSIA,2020-08-15 12:03:45,9149.0,125.0,8828.0,20001825
MALAYSIA,2020-08-15 18:08:50,9175.0,125.0,8831.0,20023730
MALAYSIA,2020-08-15 22:17:00,9175.0,125.0,8831.0,20038620
MALAYSIA,2020-08-16 00:02:10,9175.0,125.0,8831.0,20044930
MALAYSIA,2020-08-16 13:57:15,9175.0,125.0,8831.0,20095035
MALAYSIA,2020-08-16 15:05:06,9200.0,125.0,8859.0,20099106
MALAYSIA,2020-08-16 21:26:43,9200.0,125.0,8859.0,20122003
MALAYSIA,2020-08-17 00:17:10,9200.0,125.0,8859.0,20132230
MALAYSIA,2020-08-17 12:05:01,9200.0,125.0,8859.0,20174701
MALAYSIA,2020-08-17 17:03:35,9212.0,125.0,8876.0,20192615
MALAYSIA,2020-08-17 18:00:01,9212.0,125.0,8876.0,20196001
MALAYSIA,2020-08-17 21:45:08,9212.0,125.0,8876.0,20209508
MALAYSIA,2020-08-18 00:26:01,9212.0,125.0,8876.0,20219161
MALAYSIA,2020-08-18 13:11:01,9212.0,125.0,8876.0,20265061
MALAYSIA,2020-08-18 14:37:33,9212.0,125.0,8876.0,20270253
MALAYSIA,2020-08-18 19:06:50,9219.0,125.0,8902.0,20286410
MALAYSIA,2020-08-18 21:50:57,9219.0,125.0,8902.0,20296257
MALAYSIA,2020-08-19 00:10:52,9219.0,125.0,8902.0,20304652
MALAYSIA,2020-08-19 12:50:27,9219.0,125.0,8902.0,20350227
MALAYSIA,2020-08-19 17:03:04,9235.0,125.0,8925.0,20365384
MALAYSIA,2020-08-19 18:11:09,9235.0,125.0,8925.0,20369469
MALAYSIA,2020-08-19 22:33:24,9235.0,125.0,8925.0,20385204
MALAYSIA,2020-08-20 00:03:16,9235.0,125.0,8925.0,20390596
MALAYSIA,2020-08-20 10:56:58,9235.0,125.0,8925.0,20429818
MALAYSIA,2020-08-20 12:04:41,9235.0,125.0,8925.0,20433881
MALAYSIA,2020-08-20 18:53:15,9240.0,125.0,8932.0,20458395
MALAYSIA,2020-08-20 20:51:42,9240.0,125.0,8932.0,20465502
MALAYSIA,2020-08-20 23:59:58,9240.0,125.0,8932.0,20476798
MALAYSIA,2020-08-21 11:02:26,9240.0,125.0,8932.0,20516546
MALAYSIA,2020-08-21 12:57:47,9240.0,125.0,8932.0,20523467
MALAYSIA,2020-08-21 16:11:19,9249.0,125.0,8945.0,20535079
MALAYSIA,2020-08-21 21:51:23,9249.0,125.0,8945.0,20555483
MALAYSIA,2020-08-22 00:09:21,9249.0,125.0,8945.0,20563761
MALAYSIA,2020-08-22 13:27:54,9249.0,125.0,8945.0,20611674
MALAYSIA,2020-08-22 14:59:58,9249.0,125.0,8945.0,20617198
MALAYSIA,2020-08-22 21:42:03,9257.0,125.0,8949.0,20641323
MALAYSIA,2020-08-23 00:00:05,9257.0,125.0,8949.0,20649605
MALAYSIA,2020-08-23 10:16:16,9257.0,125.0,8949.0,20686576
MALAYSIA,2020-08-23 12:49:32,9257.0,125.0,8949.0,20695772
MALAYSIA,2020-08-23 16:11:52,9267.0,125.0,8959.0,20707912
MALAYSIA,2020-08-23 18:11:36,9267.0,125.0,8959.0,20715096
MALAYSIA,2020-08-23 21:24:47,9267.0,125.0,8959.0,20726687
MALAYSIA,2020-08-24 00:03:55,9267.0,125.0,8959.0,20736235
MALAYSIA,2020-08-24 11:39:02,9267.0,125.0,8959.0,20777942
MALAYSIA,2020-08-24 12:08:18,9267.0,125.0,8959.0,20779698
MALAYSIA,2020-08-24 17:59:59,9274.0,125.0,8965.0,20800799
MALAYSIA,2020-08-24 21:10:49,9274.0,125.0,8965.0,20812249
MALAYSIA,2020-08-25 00:07:52,9274.0,125.0,8965.0,20822872
MALAYSIA,2020-08-25 12:35:08,9274.0,125.0,8965.0,20867708
MALAYSIA,2020-08-25 15:22:11,9285.0,125.0,8971.0,20877731
MALAYSIA,2020-08-25 19:21:41,9285.0,125.0,8971.0,20892101
MALAYSIA,2020-08-25 21:00:00,9285.0,125.0,8971.0,20898000
MALAYSIA,2020-08-26 00:00:01,9285.0,125.0,8971.0,20908801
MALAYSIA,2020-08-26 15:25:47,9291.0,125.0,8978.0,20964347
MALAYSIA,2020-08-26 19:23:10,9291.0,125.0,8978.0,20978590
MALAYSIA,2020-08-26 22:46:11,9291.0,125.0,8978.0,20990771
MALAYSIA,2020-08-26 23:49:41,9291.0,125.0,8978.0,20994581
MALAYSIA,2020-08-27 11:10:51,9291.0,125.0,8978.0,21035451
MALAYSIA,2020-08-27 12:53:02,9291.0,125.0,8978.0,21041582
MALAYSIA,2020-08-27 16:44:18,9296.0,125.0,8994.0,21055458
MALAYSIA,2020-08-27 17:58:51,9296.0,125.0,8994.0,21059931
MALAYSIA,2020-08-27 21:42:46,9296.0,125.0,8994.0,21073366
MALAYSIA,2020-08-27 23:48:16,9296.0,125.0,8994.0,21080896
MALAYSIA,2020-08-28 11:02:31,9296.0,125.0,8994.0,21121351
MALAYSIA,2020-08-28 12:00:20,9296.0,125.0,8994.0,21124820
MALAYSIA,2020-08-28 17:08:53,9306.0,125.0,9030.0,21143333
MALAYSIA,2020-08-28 18:10:31,9306.0,125.0,9030.0,21147031
MALAYSIA,2020-08-28 23:57:23,9306.0,125.0,9030.0,21167843
MALAYSIA,2020-08-29 11:08:32,9306.0,125.0,9030.0,21208112
MALAYSIA,2020-08-29 12:00:02,9306.0,125.0,9030.0,21211202
MALAYSIA,2020-08-29 15:06:58,9317.0,125.0,9038.0,21222418
MALAYSIA,2020-08-29 21:05:59,9317.0,125.0,9038.0,21243959
MALAYSIA,2020-08-29 23:31:15,9317.0,125.0,9038.0,21252675
MALAYSIA,2020-08-30 09:58:00,9317.0,125.0,9038.0,21290280
MALAYSIA,2020-08-30 17:16:35,9334.0,126.0,9048.0,21316595
MALAYSIA,2020-08-30 18:00:24,9334.0,126.0,9048.0,21319224
MALAYSIA,2020-08-30 20:56:00,9334.0,126.0,9048.0,21329760
MALAYSIA,2020-08-31 00:07:36,9334.0,126.0,9048.0,21341256
MALAYSIA,2020-08-31 10:10:26,9334.0,126.0,9048.0,21377426
MALAYSIA,2020-08-31 12:31:01,9334.0,126.0,9048.0,21385861
MALAYSIA,2020-08-31 15:59:11,9340.0,127.0,9054.0,21398351
MALAYSIA,2020-08-31 18:51:46,9340.0,127.0,9054.0,21408706
MALAYSIA,2020-09-01 00:02:52,9340.0,127.0,9054.0,21427372
MALAYSIA,2020-09-01 12:44:59,9340.0,127.0,9054.0,21473099
MALAYSIA,2020-09-01 15:00:01,9340.0,127.0,9054.0,21481201
MALAYSIA,2020-09-01 17:23:09,9354.0,128.0,9075.0,21489789
MALAYSIA,2020-09-01 21:15:20,9354.0,128.0,9075.0,21503720
MALAYSIA,2020-09-01 23:30:32,9354.0,128.0,9075.0,21511832
MALAYSIA,2020-09-02 13:10:55,9354.0,128.0,9075.0,21561055
MALAYSIA,2020-09-02 15:33:34,9360.0,128.0,9079.0,21569614
MALAYSIA,2020-09-02 18:28:07,9360.0,128.0,9079.0,21580087
MALAYSIA,2020-09-02 21:28:18,9360.0,128.0,9079.0,21590898
MALAYSIA,2020-09-03 09:00:00,9360.0,128.0,9079.0,21682071
MALAYSIA,2020-09-03 15:00:00,9374.0,128.0,9083.0,21682115
MALAYSIA,2020-09-03 18:00:00,9374.0,128.0,9083.0,21682141
MALAYSIA,2020-09-03 22:49:38,9374.0,128.0,9083.0,21682178
MALAYSIA,2020-09-04 10:56:23,9374.0,128.0,9083.0,21725783
MALAYSIA,2020-09-04 14:40:58,9385.0,128.0,9092.0,21739258
MALAYSIA,2020-09-04 15:04:05,9385.0,128.0,9092.0,21740645
MALAYSIA,2020-09-04 18:00:39,9385.0,128.0,9092.0,21751239
MALAYSIA,2020-09-04 21:52:28,9385.0,128.0,9092.0,21765148
MALAYSIA,2020-09-05 00:03:37,9385.0,128.0,9092.0,21773017
MALAYSIA,2020-09-05 10:50:39,9385.0,128.0,9092.0,21811839
MALAYSIA,2020-09-05 12:06:51,9385.0,128.0,9092.0,21816411
MALAYSIA,2020-09-05 15:00:02,9391.0,128.0,9113.0,21826802
MALAYSIA,2020-09-05 17:47:09,9391.0,128.0,9113.0,21836829
MALAYSIA,2020-09-06 00:03:48,9391.0,128.0,9113.0,21859428
MALAYSIA,2020-09-06 10:55:14,9391.0,128.0,9113.0,21898514
MALAYSIA,2020-09-06 13:34:25,9391.0,128.0,9113.0,21908065
MALAYSIA,2020-09-06 16:35:02,9397.0,128.0,9115.0,21918902
MALAYSIA,2020-09-06 18:15:24,9397.0,128.0,9115.0,21924924
MALAYSIA,2020-09-06 21:18:08,9397.0,128.0,9115.0,21935888
MALAYSIA,2020-09-07 00:00:02,9397.0,128.0,9115.0,21945602
MALAYSIA,2020-09-07 11:58:10,9397.0,128.0,9115.0,21988690
MALAYSIA,2020-09-07 16:58:29,9459.0,128.0,9124.0,22006709
MALAYSIA,2020-09-07 18:02:12,9459.0,128.0,9124.0,22010532
MALAYSIA,2020-09-07 22:14:42,9459.0,128.0,9124.0,22025682
MALAYSIA,2020-09-08 00:02:27,9459.0,128.0,9124.0,22032147
MALAYSIA,2020-09-08 11:32:05,9459.0,128.0,9124.0,22073525
MALAYSIA,2020-09-08 13:02:40,9459.0,128.0,9124.0,22078960
MALAYSIA,2020-09-08 14:56:25,9459.0,128.0,9124.0,22085785
MALAYSIA,2020-09-08 18:26:42,9559.0,128.0,9136.0,22098402
MALAYSIA,2020-09-08 21:15:11,9559.0,128.0,9136.0,22108511
MALAYSIA,2020-09-09 00:54:19,9559.0,128.0,9136.0,22121659
MALAYSIA,2020-09-09 10:25:57,9559.0,128.0,9136.0,22155957
MALAYSIA,2020-09-09 13:13:20,9559.0,128.0,9136.0,22166000
MALAYSIA,2020-09-09 16:52:50,9583.0,128.0,9143.0,22179170
MALAYSIA,2020-09-09 17:58:25,9583.0,128.0,9143.0,22183105
MALAYSIA,2020-09-09 22:01:51,9583.0,128.0,9143.0,22197711
MALAYSIA,2020-09-09 23:43:49,9583.0,128.0,9143.0,22203829
MALAYSIA,2020-09-10 14:25:30,9583.0,128.0,9143.0,22256730
MALAYSIA,2020-09-10 15:00:00,9628.0,128.0,9167.0,22270866
MALAYSIA,2020-09-10 18:21:40,9628.0,128.0,9167.0,22270900
MALAYSIA,2020-09-10 20:58:00,9628.0,128.0,9167.0,22280280
MALAYSIA,2020-09-11 00:01:07,9628.0,128.0,9167.0,22291267
MALAYSIA,2020-09-11 10:11:12,9628.0,128.0,9167.0,22327872
MALAYSIA,2020-09-11 13:11:51,9628.0,128.0,9167.0,22338711
MALAYSIA,2020-09-11 17:13:37,9810.0,128.0,9181.0,22353217
MALAYSIA,2020-09-11 18:08:20,9810.0,128.0,9181.0,22356500
MALAYSIA,2020-09-11 23:37:29,9810.0,128.0,9181.0,22376249
MALAYSIA,2020-09-12 00:00:17,9810.0,128.0,9181.0,22377617
MALAYSIA,2020-09-12 11:08:28,9810.0,128.0,9181.0,22417708
MALAYSIA,2020-09-12 12:05:40,9810.0,128.0,9181.0,22421140
MALAYSIA,2020-09-12 15:02:01,9868.0,128.0,9189.0,22431721
MALAYSIA,2020-09-12 19:57:02,9868.0,128.0,9189.0,22449422
MALAYSIA,2020-09-12 22:04:45,9868.0,128.0,9189.0,22457085
MALAYSIA,2020-09-12 23:54:15,9868.0,128.0,9189.0,22463655
MALAYSIA,2020-09-13 10:51:20,9868.0,128.0,9189.0,22503080
MALAYSIA,2020-09-13 12:00:00,9915.0,128.0,9196.0,22542539
MALAYSIA,2020-09-13 21:50:00,9915.0,128.0,9196.0,22542600
MALAYSIA,2020-09-14 00:10:36,9915.0,128.0,9196.0,22551036
MALAYSIA,2020-09-14 11:25:27,9915.0,128.0,9196.0,22591527
MALAYSIA,2020-09-14 12:21:01,9915.0,128.0,9196.0,22594861
MALAYSIA,2020-09-14 15:52:05,9946.0,128.0,9203.0,22607525
MALAYSIA,2020-09-14 19:13:26,9946.0,128.0,9203.0,22619606
MALAYSIA,2020-09-14 22:21:31,9946.0,128.0,9203.0,22630891
MALAYSIA,2020-09-14 23:55:54,9946.0,128.0,9203.0,22636554
MALAYSIA,2020-09-15 10:09:39,9946.0,128.0,9203.0,22673379
MALAYSIA,2020-09-15 15:00:00,9969.0,128.0,9209.0,22697875
MALAYSIA,2020-09-15 16:58:54,9969.0,128.0,9209.0,22697934
MALAYSIA,2020-09-15 18:28:50,9969.0,128.0,9209.0,22703330
MALAYSIA,2020-09-15 21:27:31,9969.0,128.0,9209.0,22714051
MALAYSIA,2020-09-16 00:50:10,9969.0,128.0,9209.0,22726210
MALAYSIA,2020-09-16 11:17:27,9969.0,128.0,9209.0,22763847
MALAYSIA,2020-09-16 12:34:15,9969.0,128.0,9209.0,22768455
MALAYSIA,2020-09-16 18:02:26,10031.0,128.0,9235.0,22788146
MALAYSIA,2020-09-17 00:10:29,10031.0,128.0,9235.0,22810229
MALAYSIA,2020-09-17 11:02:31,10031.0,128.0,9235.0,22849351
MALAYSIA,2020-09-17 11:56:26,10031.0,128.0,9235.0,22852586
MALAYSIA,2020-09-17 17:28:49,10052.0,128.0,9250.0,22872529
MALAYSIA,2020-09-17 18:33:19,10052.0,128.0,9250.0,22876399
MALAYSIA,2020-09-17 21:31:09,10052.0,128.0,9250.0,22887069
MALAYSIA,2020-09-18 00:10:52,10052.0,128.0,9250.0,22896652
MALAYSIA,2020-09-18 10:45:58,10052.0,128.0,9250.0,22934758
MALAYSIA,2020-09-18 12:55:29,10052.0,128.0,9250.0,22942529
MALAYSIA,2020-09-18 16:56:01,10147.0,129.0,9264.0,22956961
MALAYSIA,2020-09-18 19:38:25,10147.0,129.0,9264.0,22966705
MALAYSIA,2020-09-18 21:31:44,10147.0,129.0,9264.0,22973504
MALAYSIA,2020-09-19 00:10:36,10147.0,129.0,9264.0,22983036
MALAYSIA,2020-09-19 10:46:49,10147.0,129.0,9264.0,23021209
MALAYSIA,2020-09-19 12:36:18,10147.0,129.0,9264.0,23027778
MALAYSIA,2020-09-19 15:16:37,10167.0,130.0,9315.0,23037397
MALAYSIA,2020-09-19 18:07:55,10167.0,130.0,9315.0,23047675
MALAYSIA,2020-09-20 00:14:12,10167.0,130.0,9315.0,23069652
MALAYSIA,2020-09-20 10:40:41,10167.0,130.0,9315.0,23107241
MALAYSIA,2020-09-20 11:55:37,10167.0,130.0,9315.0,23111737
MALAYSIA,2020-09-20 16:52:05,10219.0,130.0,9355.0,23129525
MALAYSIA,2020-09-20 19:21:17,10219.0,130.0,9355.0,23138477
MALAYSIA,2020-09-20 22:21:07,10219.0,130.0,9355.0,23149267
MALAYSIA,2020-09-21 00:03:32,10219.0,130.0,9355.0,23155412
MALAYSIA,2020-09-21 09:17:45,10219.0,130.0,9355.0,23188665
MALAYSIA,2020-09-21 16:49:08,10276.0,130.0,9395.0,23215748
MALAYSIA,2020-09-21 20:51:38,10276.0,130.0,9395.0,23230298
MALAYSIA,2020-09-21 21:03:06,10276.0,130.0,9395.0,23230986
MALAYSIA,2020-09-21 23:54:04,10276.0,130.0,9395.0,23241244
MALAYSIA,2020-09-22 10:07:59,10276.0,130.0,9395.0,23278079
MALAYSIA,2020-09-22 12:40:29,10276.0,130.0,9395.0,23287229
MALAYSIA,2020-09-22 16:30:13,10358.0,130.0,9563.0,23301013
MALAYSIA,2020-09-22 18:01:24,10358.0,130.0,9563.0,23306484
MALAYSIA,2020-09-22 22:33:38,10358.0,130.0,9563.0,23322818
MALAYSIA,2020-09-22 23:47:17,10358.0,130.0,9563.0,23327237
MALAYSIA,2020-09-23 09:20:32,10358.0,130.0,9563.0,23361632
MALAYSIA,2020-09-23 12:05:36,10358.0,130.0,9563.0,23371536
MALAYSIA,2020-09-23 16:01:56,10505.0,133.0,9602.0,23385716
MALAYSIA,2020-09-23 21:16:22,10505.0,133.0,9602.0,23404582
MALAYSIA,2020-09-23 23:54:06,10505.0,133.0,9602.0,23414046
MALAYSIA,2020-09-24 11:17:02,10505.0,133.0,9602.0,23455022
MALAYSIA,2020-09-24 12:02:32,10505.0,133.0,9602.0,23457752
MALAYSIA,2020-09-24 15:00:00,10576.0,133.0,9666.0,23475115
MALAYSIA,2020-09-24 17:53:40,10576.0,133.0,9666.0,23478820
MALAYSIA,2020-09-24 22:22:06,10576.0,133.0,9666.0,23494926
MALAYSIA,2020-09-25 00:03:15,10576.0,133.0,9666.0,23500995
MALAYSIA,2020-09-25 11:08:03,10576.0,133.0,9666.0,23540883
MALAYSIA,2020-09-25 13:32:21,10576.0,133.0,9666.0,23549541
MALAYSIA,2020-09-25 17:08:04,10687.0,133.0,9696.0,23562484
MALAYSIA,2020-09-25 18:45:58,10687.0,133.0,9696.0,23568358
MALAYSIA,2020-09-25 22:21:55,10687.0,133.0,9696.0,23581315
MALAYSIA,2020-09-26 00:04:56,10687.0,133.0,9696.0,23587496
MALAYSIA,2020-09-26 10:31:22,10687.0,133.0,9696.0,23625082
MALAYSIA,2020-09-26 13:55:25,10687.0,133.0,9696.0,23637325
MALAYSIA,2020-09-26 16:13:57,10769.0,133.0,9785.0,23645637
MALAYSIA,2020-09-26 20:47:14,10769.0,133.0,9785.0,23662034
MALAYSIA,2020-09-26 21:22:13,10769.0,133.0,9785.0,23664133
MALAYSIA,2020-09-26 23:56:15,10769.0,133.0,9785.0,23673375
MALAYSIA,2020-09-27 10:15:07,10769.0,133.0,9785.0,23710507
MALAYSIA,2020-09-27 13:49:55,10769.0,133.0,9785.0,23723395
MALAYSIA,2020-09-27 18:00:00,10919.0,134.0,9835.0,23743234
MALAYSIA,2020-09-27 21:40:39,10919.0,134.0,9835.0,23751639
MALAYSIA,2020-09-27 23:55:47,10919.0,134.0,9835.0,23759747
MALAYSIA,2020-09-28 11:09:12,10919.0,134.0,9835.0,23800152
MALAYSIA,2020-09-28 13:11:13,10919.0,134.0,9835.0,23807473
MALAYSIA,2020-09-28 17:15:09,11034.0,134.0,9889.0,23822109
MALAYSIA,2020-09-28 18:00:26,11034.0,134.0,9889.0,23824826
MALAYSIA,2020-09-28 21:02:40,11034.0,134.0,9889.0,23835760
MALAYSIA,2020-09-29 00:58:59,11034.0,134.0,9889.0,23849939
MALAYSIA,2020-09-29 09:50:31,11034.0,134.0,9889.0,23881831
MALAYSIA,2020-09-29 12:04:22,11034.0,134.0,9889.0,23889862
MALAYSIA,2020-09-29 16:09:42,11135.0,134.0,9939.0,23904582
MALAYSIA,2020-09-29 18:00:00,11135.0,134.0,9939.0,23973282
MALAYSIA,2020-09-29 22:00:00,11135.0,134.0,9939.0,23973318
MALAYSIA,2020-09-30 00:00:00,11135.0,134.0,9939.0,23973381
MALAYSIA,2020-09-30 11:16:50,11135.0,134.0,9939.0,23973410
MALAYSIA,2020-09-30 13:40:32,11135.0,134.0,9939.0,23982032
MALAYSIA,2020-09-30 16:14:55,11224.0,136.0,9967.0,23991295
MALAYSIA,2020-09-30 18:00:52,11224.0,136.0,9967.0,23997652
MALAYSIA,2020-10-01 00:00:00,11224.0,136.0,9967.0,24141264
MALAYSIA,2020-10-01 09:00:00,11224.0,136.0,9967.0,24141361
MALAYSIA,2020-10-01 09:56:49,11224.0,136.0,9967.0,24141409
MALAYSIA,2020-10-01 13:26:21,11224.0,136.0,9967.0,24153981
MALAYSIA,2020-10-01 15:58:53,11484.0,136.0,10014.0,24163133
MALAYSIA,2020-10-01 18:41:16,11484.0,136.0,10014.0,24172876
MALAYSIA,2020-10-01 21:52:15,11484.0,136.0,10014.0,24184335
MALAYSIA,2020-10-02 00:06:11,11484.0,136.0,10014.0,24192371
MALAYSIA,2020-10-02 09:59:44,11484.0,136.0,10014.0,24227984
MALAYSIA,2020-10-02 14:00:00,11484.0,136.0,10014.0,24275196
MALAYSIA,2020-10-02 18:00:00,11771.0,136.0,10095.0,24275234
MALAYSIA,2020-10-02 21:00:00,11771.0,136.0,10095.0,24275289
MALAYSIA,2020-10-03 11:15:01,11771.0,136.0,10095.0,24318901
MALAYSIA,2020-10-03 11:35:05,11771.0,136.0,10095.0,24320105
MALAYSIA,2020-10-03 12:29:28,11771.0,136.0,10095.0,24323368
MALAYSIA,2020-10-03 14:42:30,11771.0,136.0,10095.0,24331350
MALAYSIA,2020-10-03 17:53:34,12088.0,137.0,10216.0,24342814
MALAYSIA,2020-10-03 20:52:17,12088.0,137.0,10216.0,24353537
MALAYSIA,2020-10-03 23:58:02,12088.0,137.0,10216.0,24364682
MALAYSIA,2020-10-04 10:35:01,12088.0,137.0,10216.0,24402901
MALAYSIA,2020-10-04 13:37:25,12088.0,137.0,10216.0,24413845
